[{"query":"illustration","time":1493628522,"title":"Udemy -  Fashion Design Illustration For Beginners","trackerId":"94d3a0ca-a89d-4f60-bbe8-60df4946533e","type":"open","url":"http://cgpeers.com/torrents.php?id=43327&torrentid=43271#torrent43271"},{"query":"knp university","time":1493391698,"title":"[Knp University] Learn Symfony 3 [2016, ENG] [2016, ENG]","trackerId":"c14a6940-c735-4239-a502-377d87be25d9","type":"download","url":"http://7tor.org/viewtopic.php?t=3161703&hilit=knp+university"},{"query":"Service Design Patterns: Fundamental Design","time":1493008258,"title":"В стиле Джейн (Сезон 1, Серия 8) / Jane By Design (2012) WEBDL 720p","trackerId":"e07e5554-a11b-4564-abc5-313af08726f4","type":"open","url":"http://newstudio.tv/viewtopic.php?t=4512"},{"query":"The Passionate Programmer","time":1493008215,"title":"The Passionate Programmer (2009) (Malestrom)","trackerId":"af0a43b0-de55-4494-b22c-38b8240ed9fc","type":"open","url":"http://www.torrentdownloads.me/torrent/454070/The+Passionate+Programmer+%282009%29+%28Malestrom%29"},{"query":"The Passionate Programmer","time":1493008210,"title":"The Passionate Programmer~tqw~ darksiderg","trackerId":"564ee8cb-4638-4520-b9f8-33fca63f62ec","type":"open","url":"http://torrentproject.se/3796ddde6e7fb953c9d87760f7960b5e68ae828f/"},{"query":"Implementation Patterns","time":1493008173,"title":"Implementation Patterns","trackerId":"af0a43b0-de55-4494-b22c-38b8240ed9fc","type":"open","url":"https://www.torrentdownload.ch/search?q=Implementation Patterns"},{"query":"Implementation Patterns","time":1493008172,"title":"Implementation Patterns by Kent Beck","trackerId":"thepiratebay","type":"open","url":"https://thepiratebay.org/torrent/10055417/Implementation_Patterns_by_Kent_Beck"},{"query":"Implementation Patterns","time":1493008170,"title":"Implementation Patterns Beck","trackerId":"564ee8cb-4638-4520-b9f8-33fca63f62ec","type":"open","url":"http://torrentproject.se/7e09a1bd45813ec7cbd4b0ea05579d84e7da9b8f/Implementation-Patterns-Beck-torrent.html"},{"query":"refactoring improving the design of existing code","time":1493008111,"title":"Refactoring - Improving the Design of Existing Code (2002, Kent Beck, Addison...","trackerId":"af0a43b0-de55-4494-b22c-38b8240ed9fc","type":"open","url":"http://www.torrentdownloads.me/torrent/1659353695/Refactoring+-+Improving+the+Design+of+Existing+Code+%282002%2C+Kent+Beck%2C+Addison+Wesley%29+pdf"},{"query":"refactoring improving the design of existing code","time":1493008108,"title":"Refactoring - Improving the Design of Existing Code (2002, Kent Beck, Addison We..","trackerId":"13bd888d-6e97-449c-ad26-033a1e3a8f22","type":"open","url":"https://www.limetorrents.cc/Refactoring--Improving-the-Design-of-Existing-Code-(2002 -Kent-Beck -Addison-Wesley)-pdf-torrent-5347931.html"},{"query":"refactoring improving the design of existing code","time":1493008105,"title":"Refactoring Improving the Design of Existing Code - Fowler-Beck-","trackerId":"thepiratebay","type":"open","url":"https://thepiratebay.org/torrent/4550874/Refactoring_Improving_the_Design_of_Existing_Code_-_Fowler-Beck-"},{"query":"refactoring improving the design of existing code","time":1493008104,"title":"Refactoring Improving the Design of Existing Code (2002) Kent Beck Addison...","trackerId":"564ee8cb-4638-4520-b9f8-33fca63f62ec","type":"open","url":"http://torrentproject.se/e4d815e9f7a5bd87b9406dae807d817732030ffa/Refactoring-Improving-the-Design-of-Existing-Code-%282002%29-Kent-Beck-Addison...-torrent.html"},{"query":"refactoring improving the design of existing code","time":1493008102,"title":"Refactoring Improving The Design Of Existing Code","trackerId":"af0a43b0-de55-4494-b22c-38b8240ed9fc","type":"open","url":"https://www.torrentdownload.ch/search?q=refactoring improving the design of existing code"},{"query":"Software Architecture for Developers","time":1493007959,"title":"Software Architecture for Developers - Simon Brown [PDF]","trackerId":"13bd888d-6e97-449c-ad26-033a1e3a8f22","type":"open","url":"https://www.limetorrents.cc/Software-Architecture-for-Developers--Simon-Brown-[PDF]-torrent-6638415.html"},{"query":"Software Architecture for Developers","time":1493007826,"title":"Software Architecture for Developers by Simon Brown","trackerId":"564ee8cb-4638-4520-b9f8-33fca63f62ec","type":"open","url":"http://torrentproject.se/68708216598b869f4b164060c804e8f344637dc9/Software-Architecture-for-Developers-by-Simon-Brown-torrent.html"},{"query":"Software Architecture for Developers","time":1493007824,"title":"Software Architecture for Developers by Simon Brown","trackerId":"13bd888d-6e97-449c-ad26-033a1e3a8f22","type":"open","url":"https://www.limetorrents.cc/Software-Architecture-for-Developers-by-Simon-Brown-torrent-6861518.html"},{"query":"Software Architecture for Developers","time":1493007822,"title":"Software Architecture For Developers","trackerId":"af0a43b0-de55-4494-b22c-38b8240ed9fc","type":"open","url":"https://www.torrentdownload.ch/search?q=Software Architecture for Developers"},{"query":"Software Architecture for Developers","time":1493007821,"title":"Software Architecture for Developers by Simon Brown","trackerId":"af0a43b0-de55-4494-b22c-38b8240ed9fc","type":"open","url":"http://www.torrentdownloads.me/torrent/1660696698/Software+Architecture+for+Developers+by+Simon+Brown"},{"query":"egghead es6","time":1492969051,"title":"Egghead Es6","trackerId":"af0a43b0-de55-4494-b22c-38b8240ed9fc","type":"open","url":"https://www.torrentdownload.ch/search?q=egghead es6"},{"query":"test driven laravel","time":1492958211,"title":"[Adam Wathan] Test-Driven Laravel [2017, ENG]","trackerId":"c14a6940-c735-4239-a502-377d87be25d9","type":"download","url":"http://7tor.org/viewtopic.php?t=3162786&hilit=test+driven+laravel"},{"query":"my depression","time":1492955676,"title":"HBO.Documentaries.My.Depression.HDTV.x264-BATV[ettv]","trackerId":"thepiratebay","type":"open","url":"https://thepiratebay.org/torrent/12122569/HBO.Documentaries.My.Depression.HDTV.x264-BATV[ettv]"},{"query":"this emotional life","time":1492622003,"title":"PBS.This Emotional Life (2009).1of3.WS.PDTV.XviD.Ekolb","trackerId":"thepiratebay","type":"download","url":"https://thepiratebay.org/torrent/5260806/PBS.This_Emotional_Life_(2009).1of3.WS.PDTV.XviD.Ekolb"},{"query":"depression out of the shadows","time":1492621952,"title":"Depression - Out Of The Shadows (Provasive Elements)","trackerId":"thepiratebay","type":"download","url":"https://thepiratebay.org/torrent/6454181/Depression_-_Out_Of_The_Shadows_(Provasive_Elements)"},{"query":"the misunderstood epidemic depression","time":1492621738,"title":"Depression - The Misunderstood Epidemic","trackerId":"thepiratebay","type":"download","url":"https://thepiratebay.org/torrent/8627263/Depression_-_The_Misunderstood_Epidemic"},{"query":"my depression","time":1492620982,"title":"HBO.Documentaries.My.Depression.720p.HDTV.x264-BATV[EtHD]","trackerId":"thepiratebay","type":"download","url":"https://thepiratebay.org/torrent/12122580/HBO.Documentaries.My.Depression.720p.HDTV.x264-BATV[EtHD]"}]