[{"enable":true,"id":"favorites","lines":1,"show":true,"width":100},{"enable":false,"id":"kpFavorites","lines":1,"show":true,"width":100},{"enable":false,"id":"kpInCinema","lines":1,"show":true,"width":100},{"enable":false,"id":"kpPopular","lines":2,"show":true,"width":100},{"enable":false,"id":"kpSerials","lines":1,"show":true,"width":100},{"enable":true,"id":"imdbInCinema","lines":2,"show":true,"width":120},{"enable":true,"id":"imdbPopular","lines":2,"show":true,"width":120},{"enable":true,"id":"imdbSerials","lines":2,"show":true,"width":120},{"enable":true,"id":"ggGamesTop","lines":2,"show":false,"width":120},{"enable":true,"id":"ggGamesNew","lines":2,"show":false,"width":120}]