[{"profileId":1,"query":"fashion design illustration","time":1493649364},{"profileId":1,"query":"illustration","time":1493627105},{"profileId":1,"query":"realistic effects pack","time":1493626780},{"profileId":1,"query":"\"knp university\"","time":1493391709},{"profileId":1,"query":"knp university","time":1493391511},{"profileId":1,"query":"knpuniversity","time":1493391310},{"profileId":1,"query":"Rick and morty","time":1493216589},{"profileId":1,"query":"Cryptography for Developers","time":1493175637},{"profileId":1,"query":"Just Enough Software Architecture","time":1493008263},{"profileId":1,"query":"Service Design Patterns: Fundamental Design","time":1493008240},{"profileId":1,"query":"AntiPatterns: Refactoring Software, Architectures","time":1493008230},{"profileId":1,"query":"AntiPatterns: Refactoring Software, Architectures,","time":1493008226},{"profileId":1,"query":"The Passionate Programmer epub","time":1493008218},{"profileId":1,"query":"The Passionate Programmer","time":1493008201},{"profileId":1,"query":"Patterns of Enterprise Application Architecture","time":1493008186},{"profileId":1,"query":"Implementation Patterns epub","time":1493008176},{"profileId":1,"query":"Implementation Patterns","time":1493008124},{"profileId":1,"query":"refactoring improving the design of existing code","time":1493008082},{"profileId":1,"query":"refactoring improving the design of existing code epub","time":1493008035},{"profileId":1,"query":"Software Architecture for Developers epub","time":1493007964},{"profileId":1,"query":"Software Architecture for Developers","time":1493007661},{"profileId":1,"query":"egghead es6","time":1492969026},{"profileId":1,"query":"egghead","time":1492969014},{"profileId":1,"query":"bartender mac app","time":1492969001},{"profileId":1,"query":"my depression","time":1492968926},{"profileId":1,"query":"test driven laravel","time":1492958175},{"profileId":1,"query":"laravel testing","time":1492958141},{"profileId":1,"query":"Men Get Depression","time":1492622009},{"profileId":1,"query":"this emotional life","time":1492621966},{"profileId":1,"query":"depression out of the shadows","time":1492621927},{"profileId":1,"query":"The Misunderstood Epidemic","time":1492621907},{"profileId":1,"query":"depression","time":1492621764},{"profileId":1,"query":"truth about depression","time":1492621757},{"profileId":1,"query":"truth about depression bbc","time":1492621750},{"profileId":1,"query":"the misunderstood epidemic depression","time":1492621732},{"profileId":1,"query":"depression documentary","time":1492620520}]