[{"query":"my depression","time":1492955676,"title":"HBO.Documentaries.My.Depression.HDTV.x264-BATV[ettv]","trackerId":"thepiratebay","type":"open","url":"https://thepiratebay.org/torrent/12122569/HBO.Documentaries.My.Depression.HDTV.x264-BATV[ettv]"},{"query":"this emotional life","time":1492622003,"title":"PBS.This Emotional Life (2009).1of3.WS.PDTV.XviD.Ekolb","trackerId":"thepiratebay","type":"download","url":"https://thepiratebay.org/torrent/5260806/PBS.This_Emotional_Life_(2009).1of3.WS.PDTV.XviD.Ekolb"},{"query":"depression out of the shadows","time":1492621952,"title":"Depression - Out Of The Shadows (Provasive Elements)","trackerId":"thepiratebay","type":"download","url":"https://thepiratebay.org/torrent/6454181/Depression_-_Out_Of_The_Shadows_(Provasive_Elements)"},{"query":"the misunderstood epidemic depression","time":1492621738,"title":"Depression - The Misunderstood Epidemic","trackerId":"thepiratebay","type":"download","url":"https://thepiratebay.org/torrent/8627263/Depression_-_The_Misunderstood_Epidemic"},{"query":"my depression","time":1492620982,"title":"HBO.Documentaries.My.Depression.720p.HDTV.x264-BATV[EtHD]","trackerId":"thepiratebay","type":"download","url":"https://thepiratebay.org/torrent/12122580/HBO.Documentaries.My.Depression.720p.HDTV.x264-BATV[EtHD]"}]