[{"profileId":1,"query":"test driven laravel","time":1492958175},{"profileId":1,"query":"laravel testing","time":1492958141},{"profileId":1,"query":"my depression","time":1492955665},{"profileId":1,"query":"Men Get Depression","time":1492622009},{"profileId":1,"query":"this emotional life","time":1492621966},{"profileId":1,"query":"depression out of the shadows","time":1492621927},{"profileId":1,"query":"The Misunderstood Epidemic","time":1492621907},{"profileId":1,"query":"depression","time":1492621764},{"profileId":1,"query":"truth about depression","time":1492621757},{"profileId":1,"query":"truth about depression bbc","time":1492621750},{"profileId":1,"query":"the misunderstood epidemic depression","time":1492621732},{"profileId":1,"query":"depression documentary","time":1492620520}]