[{"id":1,"name":"All Trackers","trackers":[{"id":"thepiratebay","meta":{"downloadURL":"https://github.com/Feverqwe/tSearch/raw/master/src/trackers/thepiratebay.js","name":"ThePirateBay"}},{"id":"bitsnoop","meta":{"downloadURL":"https://github.com/Feverqwe/tSearch/raw/master/src/trackers/bitsnoop.js","name":"BitSnoop"}},{"id":"extratorrent","meta":{"downloadURL":"https://github.com/Feverqwe/tSearch/raw/master/src/trackers/extratorrent.js","name":"ExtraTorrent"}},{"id":"89adc48c-e095-4c15-8291-5dafeb12512e","meta":{"name":"1337x.to"}},{"id":"filebase","meta":{"downloadURL":"https://github.com/Feverqwe/tSearch/raw/master/src/trackers/filebase.js","name":"FileBase"}},{"id":"hdclub","meta":{"downloadURL":"https://github.com/Feverqwe/tSearch/raw/master/src/trackers/hdclub.js","name":"HDclub"}},{"id":"kinozal","meta":{"downloadURL":"https://github.com/Feverqwe/tSearch/raw/master/src/trackers/kinozal.js","name":"Кинозал"}},{"id":"megashara","meta":{"downloadURL":"https://github.com/Feverqwe/tSearch/raw/master/src/trackers/megashara.js","name":"Мегашара"}},{"id":"nnmclub","meta":{"downloadURL":"https://github.com/Feverqwe/tSearch/raw/master/src/trackers/nnmclub.js","name":"NoNaMe"}},{"id":"opentorrent","meta":{"downloadURL":"https://github.com/Feverqwe/tSearch/raw/master/src/trackers/opentorrent.js","name":"OpenTorrent"}},{"id":"piratebit","meta":{"downloadURL":"https://github.com/Feverqwe/tSearch/raw/master/src/trackers/piratebit.js","name":"Piratbit"}},{"id":"rgfootball","meta":{"downloadURL":"https://github.com/Feverqwe/tSearch/raw/master/src/trackers/rgfootball.js","name":"rgFootball"}},{"id":"rutor","meta":{"downloadURL":"https://github.com/Feverqwe/tSearch/raw/master/src/trackers/rutor.js","name":"Рутор"}},{"id":"tfile","meta":{"downloadURL":"https://github.com/Feverqwe/tSearch/raw/master/src/trackers/tfile.js","name":"TFile"}},{"id":"02b6456f-9b20-4ff5-81b4-1e4fe183bff2","meta":{"name":"TorrentMac.org"}},{"id":"c14a6940-c735-4239-a502-377d87be25d9","meta":{"name":"7tor.org"}},{"id":"8e455c25-5c49-4186-b59c-bcdfcc5e9f91","meta":{"name":"Seedoff.Net"}},{"id":"cc60e8ae-9213-4663-a16f-95fd14755b59","meta":{"name":"Generalfilm.org"}},{"id":"473b14e3-527f-4eec-8e27-b364849a5dd2","meta":{"name":"CasStudio.TV"}},{"id":"f0fca41a-d579-421e-b2fe-d18ffc1c72d4","meta":{"name":"torrnado.ru"}},{"id":"f9750802-da97-4535-970c-28f3c2d1253f","meta":{"name":"Hurtom"}},{"id":"59fc8371-5c3e-4464-bb5b-2bcd713a6da9","meta":{"name":"hdreactor.org"}},{"id":"c42346f5-bd3e-4e07-ab67-9c5f4a66b4c4","meta":{"name":"Demonoid.pw"}},{"id":"69af9414-a610-4d6e-808d-73e68c3dcf86","meta":{"name":"bigtorrents.org"}},{"id":"6478dddf-c7b6-45f9-8440-2b5eb659acef","meta":{"name":"Bigfangroup"}},{"id":"bf1da9b8-deba-435a-ad03-675654c6139f","meta":{"name":"torrnado.ru"}},{"id":"8015ab39-a0e1-4c6f-874b-8135ca84d979","meta":{"name":"Hurtom"}},{"id":"564ee8cb-4638-4520-b9f8-33fca63f62ec","meta":{"name":"TorrentProject"}},{"id":"e16d8f98-58ff-4819-9e11-224a500473da","meta":{"name":"Green Tea"}},{"id":"a0dfc922-09fe-4cbc-a403-a37ceaf52c0d","meta":{"name":"tracker.name"}},{"id":"2e181d36-ce51-4d5c-b7d8-8c493c8f9ecb","meta":{"name":"zoneland.ru"}},{"id":"d25adc25-da4d-496f-b115-9672d1cfca0f","meta":{"name":"SoundPark.in"}},{"id":"95ca67a6-80d6-4078-932f-e1aa4db020ca","meta":{"name":"Sukebei NyaaTorrents"}},{"id":"2bd374b6-ec89-40b7-92eb-414490ce7abc","meta":{"name":"rustorrents.org"}},{"id":"9f773914-2c4b-495d-bc7f-0b21ec4b4570","meta":{"name":"unionpeer.org"}},{"id":"dcae6890-6148-443b-95db-2eb1b7e82a57","meta":{"name":"torrento.net"}},{"id":"f7119dc0-a2a2-4fc6-bca3-b099b35c46ca","meta":{"name":"Empornium"}},{"id":"b9a21da3-9394-452c-b492-3776293752fe","meta":{"name":"OpenDub Torrent Tracker"}},{"id":"cdcfa601-ecb6-4e9e-834c-ac26fec1edd1","meta":{"name":"metal-tracker"}},{"id":"13bd888d-6e97-449c-ad26-033a1e3a8f22","meta":{"name":"LimeTorrents"}},{"id":"ba9719b5-0762-408e-b17f-0f0764abcc77","meta":{"name":"hitway.net"}},{"id":"13766f33-6eae-462e-aa8d-1a45bcf9be07","meta":{"name":"goldenshara.org"}},{"id":"fe8eb4eb-7676-4405-8f8c-53059b5efb17","meta":{"name":"FreeRutor.com"}},{"id":"de4fac3b-f364-41af-8381-f2a0ccfa63ca","meta":{"name":"EZTV"}},{"id":"ac2cd367-a298-40cd-b7ef-f13af16f279d","meta":{"name":"UnionGang.tv"}},{"id":"af0a43b0-de55-4494-b22c-38b8240ed9fc","meta":{"name":"Torrent Downloads"}},{"id":"326585fc-e0fa-4a39-9374-1420f6a05d83","meta":{"name":"Torbina.com"}},{"id":"0426e19a-42c6-4e30-944a-bd51683abba5","meta":{"name":"stereotraker.ru"}},{"id":"c7c68491-b091-45bd-a5a0-fe7ed21151f9","meta":{"name":"sovtor.org"}},{"id":"64c2d06d-edcb-4cd8-80d7-518c6eaf0caf","meta":{"name":"rarbg.to"}},{"id":"209e93ec-7efc-4615-aa29-84434eacbe21","meta":{"name":"RockBox"}},{"id":"bcb7ad30-183b-4502-bdb4-025b6aa57f5e","meta":{"name":"NyaaTorrents"}},{"id":"e07e5554-a11b-4564-abc5-313af08726f4","meta":{"name":"NewStudio"}},{"id":"f7db6769-8105-419a-9f00-f3bfdf41a449","meta":{"name":"megatorrents.org"}},{"id":"404d29c2-27c2-4d05-ba69-ccfddc463f67","meta":{"name":"MegaPeer.org"}}]}]